{"cameraMode":{"drawMode":0,"name":"Shaded","section":"Shading Mode"},"sceneLighting":true,"audioPlay":false,"sceneViewState":{"m_AlwaysRefresh":false,"showFog":true,"showSkybox":true,"showFlares":true,"showImageEffects":true,"showParticleSystems":true,"showVisualEffectGraphs":true,"m_FxEnabled":true},"in2DMode":false,"pivot":{"x":-23.9515323638916,"y":111.34178161621094,"z":-67.56690216064453},"rotation":{"x":-0.17776215076446534,"y":-0.010627890937030316,"z":0.002205115742981434,"w":-0.9834966063499451},"size":187.2869415283203,"orthographic":false}